{
  "Component-dbg.js": 1678814941777,
  "i18n/i18n_en.properties": 1701681844178,
  "i18n/i18n.properties": 1701681805039,
  "controller/DetailObjectNotFound.controller.js": 1678786248088,
  "model/models.js": 1699515297034,
  "model/formatter.js": 1701835253084,
  "controller/NotFound.controller.js": 1678786248096,
  "controller/ListSelector.js": 1678816830970,
  "controller/List.controller.js": 1702545155362,
  "controller/ErrorHandler.js": 1678786248088,
  "utils/locate-reuse-libs.js": 1678786248076,
  "controller/DetailDetail.controller.js": 1701851267440,
  "controller/Detail.controller.js": 1702863673141,
  "controller/BaseController.js": 1702825584317,
  "controller/App.controller.js": 1693805633582,
  "manifest.json": 1702863693438,
  "Component.js": 1678814941777,
  "controller/App-dbg.controller.js": 1693805633582,
  "controller/App.controller.js.map": 1702863693692,
  "model/models-dbg.js": 1699515297034,
  "model/models.js.map": 1702863693690,
  "model/formatter-dbg.js": 1701835253084,
  "model/formatter.js.map": 1702863693699,
  "controller/NotFound-dbg.controller.js": 1678786248096,
  "controller/NotFound.controller.js.map": 1702863693685,
  "controller/ListSelector-dbg.js": 1678816830970,
  "controller/ListSelector.js.map": 1702863693703,
  "controller/List-dbg.controller.js": 1702545155362,
  "controller/List.controller.js.map": 1702863693721,
  "controller/ErrorHandler-dbg.js": 1678786248088,
  "controller/ErrorHandler.js.map": 1702863693711,
  "utils/locate-reuse-libs-dbg.js": 1678786248076,
  "utils/locate-reuse-libs.js.map": 1702863693726,
  "controller/DetailDetail-dbg.controller.js": 1701851267440,
  "controller/DetailDetail.controller.js.map": 1702863693711,
  "controller/Detail-dbg.controller.js": 1702863673141,
  "controller/Detail.controller.js.map": 1702863693802,
  "controller/BaseController-dbg.js": 1702825584317,
  "controller/BaseController.js.map": 1702863693767,
  "controller/DetailObjectNotFound-dbg.controller.js": 1678786248088,
  "controller/DetailObjectNotFound.controller.js.map": 1702863693726,
  "i18n/i18n_en_US.properties": 1701681856694,
  "Component.js.map": 1702863693765,
  "Component-preload.js": 1702863693989,
  "Component-preload.js.map": 1702863693989,
  "view/ViewSettingsDialog.fragment.xml": 1678786248104,
  "view/NotFound.view.xml": 1678786248104,
  "view/List.view.xml": 1681158579531,
  "view/DetailObjectNotFound.view.xml": 1678786248100,
  "view/DetailDetail.view.xml": 1701697931335,
  "view/Detail.view.xml": 1694686406143,
  "view/App.view.xml": 1678786248096,
  "css/style.css": 1686912514702,
  "index.html": 1678786248072
}