{
  "model/formatter.js": 1678902579214,
  "Component.js": 1678902579206,
  "utils/locate-reuse-libs.js": 1678902579222,
  "model/models.js": 1678902579214,
  "i18n/i18n.properties": 1678902579210,
  "controller/NotFound.controller.js": 1678902579210,
  "controller/ListSelector.js": 1678902579210,
  "controller/List.controller.js": 1678902579210,
  "controller/ErrorHandler.js": 1678902579210,
  "controller/DetailObjectNotFound.controller.js": 1678902579210,
  "controller/DetailDetail.controller.js": 1678902579210,
  "controller/Detail.controller.js": 1678902579206,
  "controller/BaseController.js": 1678902579206,
  "controller/App.controller.js": 1678902579206,
  "manifest.json": 1678902606277,
  "Component-preload.js": 1678902606718,
  "Component-dbg.js": 1678902579206,
  "model/models-dbg.js": 1678902579214,
  "model/formatter-dbg.js": 1678902579214,
  "controller/NotFound-dbg.controller.js": 1678902579210,
  "controller/ListSelector-dbg.js": 1678902579210,
  "controller/List-dbg.controller.js": 1678902579210,
  "controller/ErrorHandler-dbg.js": 1678902579210,
  "controller/DetailObjectNotFound-dbg.controller.js": 1678902579210,
  "controller/DetailDetail-dbg.controller.js": 1678902579210,
  "controller/Detail-dbg.controller.js": 1678902579206,
  "controller/BaseController-dbg.js": 1678902579206,
  "controller/App-dbg.controller.js": 1678902579206,
  "utils/locate-reuse-libs-dbg.js": 1678902579222,
  "view/ViewSettingsDialog.fragment.xml": 1678902579226,
  "view/NotFound.view.xml": 1678902579226,
  "view/List.view.xml": 1678902579226,
  "view/DetailObjectNotFound.view.xml": 1678902579226,
  "view/DetailDetail.view.xml": 1678902579226,
  "view/Detail.view.xml": 1678902579226,
  "view/App.view.xml": 1678902579222,
  "index.html": 1678902579210
}