{
  "controller/DetailObjectNotFound-dbg.controller.js": 1678786248088,
  "i18n/i18n_en.properties": 1689160086021,
  "controller/NotFound.controller.js": 1678786248096,
  "utils/locate-reuse-libs.js": 1678786248076,
  "model/models.js": 1678786248080,
  "model/formatter.js": 1689010001191,
  "manifest.json": 1689160995717,
  "controller/ListSelector.js": 1678816830970,
  "controller/List.controller.js": 1685326769099,
  "controller/ErrorHandler.js": 1678786248088,
  "controller/DetailObjectNotFound.controller.js": 1678786248088,
  "controller/DetailDetail.controller.js": 1687508218457,
  "controller/Detail.controller.js": 1689160971754,
  "controller/BaseController.js": 1689157769647,
  "controller/App.controller.js": 1679977832822,
  "Component.js": 1678814941777,
  "Component-preload.js": 1689160996128,
  "controller/DetailDetail-dbg.controller.js": 1687508218457,
  "model/models-dbg.js": 1678786248080,
  "model/formatter-dbg.js": 1689010001191,
  "controller/NotFound-dbg.controller.js": 1678786248096,
  "controller/ListSelector-dbg.js": 1678816830970,
  "controller/List-dbg.controller.js": 1685326769099,
  "controller/ErrorHandler-dbg.js": 1678786248088,
  "i18n/i18n.properties": 1689159857776,
  "utils/locate-reuse-libs-dbg.js": 1678786248076,
  "controller/Detail-dbg.controller.js": 1689160971754,
  "controller/BaseController-dbg.js": 1689157769647,
  "controller/App-dbg.controller.js": 1679977832822,
  "Component-dbg.js": 1678814941777,
  "view/ViewSettingsDialog.fragment.xml": 1678786248104,
  "view/NotFound.view.xml": 1678786248104,
  "view/List.view.xml": 1681158579531,
  "view/DetailObjectNotFound.view.xml": 1678786248100,
  "view/DetailDetail.view.xml": 1689160047741,
  "view/Detail.view.xml": 1687197438197,
  "view/App.view.xml": 1678786248096,
  "css/style.css": 1686912514702,
  "index.html": 1678786248072
}