{
  "welcomeFile": "/index.html",
  "authenticationMethod": "none",
  "routes": [
    {
      "source": "^/resources/(.*)$",
      "target": "/resources/$1",
      "authenticationType": "none",
      "destination": "ui5"
    },
    {
      "source": "^/sap/(.*)$",
      "target": "/sap/$1",
      "destination": "S4HC_StaffingApp",
      "csrfProtection": false,
      "authenticationType": "none"
    },
    {
      "source": "^/test-resources/(.*)$",
      "target": "/test-resources/$1",
      "authenticationType": "none",
      "destination": "ui5"
    },
    {
      "source": "^(.*)$",
      "target": "$1",
      "service": "html5-apps-repo-rt",
      "authenticationType": "xsuaa"
    }
  ],
  "cors": {
    "enabled": true,
    "allowedOrigins": ["*"],
    "allowedMethods": ["GET", "POST", "PUT", "DELETE"],
    "allowCredentials": true
  }
}
